{"PlayerData":{"ID":-1,"X":107.353355407715,"Y":0.0267229937016964,"bodyColour":{"b":189.0,"g":224.0,"r":255.0},"bodyWear":1,"earType":7,"eyeColour":{"b":255.0,"g":255.0,"r":255.0},"eyeType":9,"gender":1,"hairColour":{"b":255.0,"g":255.0,"r":255.0},"headWear":0,"isMoving":false,"legColour":{"b":255.0,"g":255.0,"r":255.0},"legWear":0,"name":"1873","rotation":0,"upperClothesColour":{"b":255.0,"g":255.0,"r":255.0}}}