{"PlayerData":{"ID":-1,"X":139.569381713867,"Y":0.663493931293488,"bodyColour":{"b":189.0,"g":224.0,"r":255.0},"bodyWear":3,"earType":5,"eyeColour":{"b":255.0,"g":255.0,"r":255.0},"eyeType":10,"gender":0,"hairColour":{"b":255.0,"g":255.0,"r":255.0},"headWear":0,"isMoving":false,"legColour":{"b":255.0,"g":255.0,"r":255.0},"legWear":1,"name":"26511","rotation":0,"upperClothesColour":{"b":255.0,"g":255.0,"r":255.0}}}