{"PlayerData":{"ID":8,"X":1848.15026855469,"Y":2160.21752929688,"bodyColour":{"b":189.0,"g":224.0,"r":255.0},"bodyWear":1,"earType":7,"eyeColour":{"b":110.0,"g":189.0,"r":144.0},"eyeType":10,"gender":1,"hairColour":{"b":168.0,"g":55.0,"r":34.0},"headWear":0,"isMoving":false,"legColour":{"b":255.0,"g":255.0,"r":255.0},"legWear":2,"name":"18370","rotation":270,"upperClothesColour":{"b":189.0,"g":224.0,"r":255.0}}}